email,first_name,last_name,role,school_name,domain,state,subject_area,program_type
principal@stmartins.edu,Michael,Johnson,Principal,St. Martin's Academy,stmartins.edu,MA,Mathematics,Title I
curriculum@brookfield.org,Sarah,Cambridge,Curriculum Director,Brookfield Academy,brookfield.org,NY,English,Federal
head@riversideschool.org,David,Chen,Head of School,Riverside School,riversideschool.org,CA,,Private
college@westtown.edu,Jennifer,Williams,Director of College Counseling,Westtown Academy,westtown.edu,PA,,Independent
federal@eastgate.edu,Robert,Miller,Federal Program Director,Eastgate School,eastgate.edu,TX,,
superintendent@myschool.edu,Amanda,Garcia,Head of School,Mountain View School,myschool.edu,CO,,Charter
dean@lakewood.org,Thomas,Anderson,Academic Dean,Lakewood Academy,lakewood.org,FL,Social Studies,
counselor@greenfield.edu,Lisa,Brown,College Counselor,Greenfield Preparatory,greenfield.edu,MA,,,
director@oakschool.net,Kevin,Martinez,Curriculum Director,Oak Valley School,oakschool.net,WA,Science,
admin@cedarbrook.org,Patricia,Taylor,Business Manager,Cedarbrook Academy,cedarbrook.org,NJ,,,
